<?xml version="1.0" encoding="UTF-8"?>
<project-private xmlns="http://www.netbeans.org/ns/project-private/1">
    <editor-bookmarks xmlns="http://www.netbeans.org/ns/editor-bookmarks/2" lastBookmarkId="0"/>
    <open-files xmlns="http://www.netbeans.org/ns/projectui-open-files/2">
        <group>
            <file>file:/C:/xampp/htdocs/Erlete/web/models/Account.php</file>
            <file>file:/C:/xampp/htdocs/Erlete/web/models/pruebas.php</file>
            <file>file:/C:/xampp/htdocs/Erlete/web/models/Productions.php</file>
            <file>file:/C:/xampp/htdocs/Erlete/web/controller/productionsC.php</file>
            <file>file:/C:/xampp/htdocs/Erlete/web/controller/accountC.php</file>
            <file>file:/C:/xampp/htdocs/Erlete/web/controller/feesC.php</file>
            <file>file:/C:/xampp/htdocs/Erlete/web/controller/app.js</file>
            <file>file:/C:/xampp/htdocs/Erlete/web/models/Members.php</file>
            <file>file:/C:/xampp/htdocs/Erlete/web/view/memberPanel.php</file>
            <file>file:/C:/xampp/htdocs/Erlete/web/controller/pendentTaxesPay.php</file>
        </group>
    </open-files>
</project-private>
